{"stats":{"minecraft:mined":{"minecraft:grass_block":1,"minecraft:dirt":1},"minecraft:custom":{"minecraft:jump":4,"minecraft:time_since_rest":6020,"minecraft:leave_game":1,"minecraft:crouch_one_cm":26,"minecraft:play_time":6020,"minecraft:time_since_death":6020,"minecraft:walk_one_cm":6528,"minecraft:sneak_time":10,"minecraft:total_world_time":6020,"minecraft:drop":1},"minecraft:picked_up":{"minecraft:dirt":3},"minecraft:used":{"minecraft:dirt":2},"minecraft:dropped":{"minecraft:dirt":1}},"DataVersion":2975}